<application>
  <component name="AndroidLogcatFilterHistory">
    <option name="mostRecentlyUsed" value="" />
    <option name="nonFavorites">
      <list>
        <option value="initViewModel" />
        <option value="tag:initViewModel" />
        <option value="tag:LoginFragment" />
        <option value="tag:" />
        <option value="level:error " />
        <option value="leve" />
        <option value="tag:MainActivity" />
        <option value="MainActivity" />
        <option value="tag=:MainActivity" />
        <option value="package:mine " />
        <option value="RecommendationFragment" />
        <option value="TAG" />
        <option value="TAG:bind" />
        <option value="InvestmentHistoryFragment" />
        <option value="is:error " />
        <option value="RecommendationDetailsFragment" />
        <option value="package:com.investoteam.investo" />
        <option value="TAG:" />
        <option value="package:com.hamza.ecommerce" />
        <option value="RegisterFragment" />
      </list>
    </option>
  </component>
</application>