<application>
  <component name="ExportableFileTemplateSettings">
    <default_templates>
      <template name="BaseBottomSheetFragment.kt" file-name="BaseBottomSheetFragment" reformat="true" live-template-enabled="false" />
      <template name="BaseFragment with dataBinding.kt" file-name="BaseFragment" reformat="true" live-template-enabled="false" />
      <template name="BaseFragment with viewBinding.kt" file-name="BaseFragment" reformat="true" live-template-enabled="false" />
      <template name="CrashlyticsUtils.kt" file-name="CrashlyticsUtils" reformat="true" live-template-enabled="false" />
      <template name="ExtensionFunctions.kt" file-name="ExtensionFunctions" reformat="true" live-template-enabled="false" />
      <template name="MySharedPreferences.kt" file-name="MySharedPreferences" reformat="true" live-template-enabled="false" />
      <template name="NetworkState.kt" file-name="NetworkState" reformat="true" live-template-enabled="false" />
      <template name="progress_dialog.xml" file-name="progress_dialog" reformat="true" live-template-enabled="false" />
      <template name="Progress_dialog_layout.xml" file-name="Progress_dialog_layout" reformat="true" live-template-enabled="false" />
      <template name="progress_loading_layout.xml" file-name="progress_loading_layout" reformat="false" live-template-enabled="false" />
      <template name="progress_loading_shape.xml" file-name="progress_loading_shape" reformat="true" live-template-enabled="false" />
      <template name="ProgressDialog.kt" file-name="ProgressDialog" reformat="true" live-template-enabled="false" />
      <template name="ProgressLoading.kt" file-name="ProgressLoading" reformat="true" live-template-enabled="false" />
    </default_templates>
  </component>
</application>