<application>
  <component name="StudioBotSettings">
    <option name="contextSharingMode" value="AlwaysShare" />
    <option name="onboardedVersion" value="3" />
    <option name="queryHistory">
      <list>
        <historyEntry timestamp="1725225681590">What does the error message &quot;Property getter or setter expected&quot; mean?</historyEntry>
        <historyEntry timestamp="1723040873278">Explain: FATAL EXCEPTION: main
Process: com.hamza.ecommerce, PID: 6344
java.lang.RuntimeException: Unable to start activity ComponentInfo{com.hamza.ecommerce/com.hamza.ecommerce.MainActivity}: java.lang.NullPointerException: Attempt to invoke virtual method 'void android.view.View.setOnApplyWindowInsetsListener(android.view.View$OnApplyWindowInsetsListener)' on a null object reference
at android.app.ActivityThread.performLaunchActivity(ActivityThread.java:3782)
at android.app.ActivityThread.handleLaunchActivity(ActivityThread.java:3922) with tag AndroidRuntime</historyEntry>
        <historyEntry timestamp="1720047747020">Explain: FATAL EXCEPTION: main
Process: com.hamza.ecommerce, PID: 7344
java.lang.RuntimeException: Unable to start activity ComponentInfo{com.hamza.ecommerce/com.hamza.ecommerce.MainActivity}: android.view.InflateException: Binary XML file line #28: Failed to resolve attribute at index 0: TypedValue{t=0x2/d=0x7f0303db a=-1}
at android.app.ActivityThread.performLaunchActivity(ActivityThread.java:2913)
at android.app.ActivityThread.handleLaunchActivity(ActivityThread.java:3048) with tag AndroidRuntime</historyEntry>
        <historyEntry timestamp="1720047727787">Explain: FATAL EXCEPTION: main
Process: com.hamza.ecommerce, PID: 6322
java.lang.RuntimeException: Unable to start activity ComponentInfo{com.hamza.ecommerce/com.hamza.ecommerce.MainActivity}: android.view.InflateException: Binary XML file line #28: Failed to resolve attribute at index 0: TypedValue{t=0x2/d=0x7f0303db a=-1}
at android.app.ActivityThread.performLaunchActivity(ActivityThread.java:2913)
at android.app.ActivityThread.handleLaunchActivity(ActivityThread.java:3048) with tag AndroidRuntime</historyEntry>
        <historyEntry timestamp="1720043933523">android:windowSplashScreenBackground requires API level 31 (current min is 24) More... (Ctrl+F1) 
Inspection info: This check scans through all the Android API calls in the application and warns about any calls that are not available on all versions targeted by this application (according to its minimum SDK attribute in the manife</historyEntry>
        <historyEntry timestamp="1720043856160">how to fill attr of spalsh screen &lt;style name=&quot;Theme.App.Starting&quot; parent=&quot;Theme.ECommerce&quot;&gt;
        &lt;item name=&quot;android:windowSplashScreenBackground&quot;&gt;@color/primary_color&lt;/item&gt;

    &lt;/style&gt;</historyEntry>
        <historyEntry timestamp="1718629367664">Explain: Could not establish connection with WalledGardenStrategy
java.net.SocketTimeoutException: failed to connect to clients3.google.com/2a00:1450:4006:812::200e (port 80) from /fec0::7f4b:1474:a683:309a (port 41492) after 2000ms
at libcore.io.IoBridge.connectErrno(IoBridge.java:235)
at libcore.io.IoBridge.connect(IoBridge.java:179)
at java.net.PlainSocketImpl.socketConnect(PlainSocketImpl.java:142) with tag ReactiveNetwork</historyEntry>
        <historyEntry timestamp="1718118280210">Explain build error: Unexpected tokens (use ';' to separate expressions on the same line)</historyEntry>
        <historyEntry timestamp="1718117477309">Explain gradle sync issue: Failed to resolve: com.github.PhilJay:MPAndroidChart:v3.1.0</historyEntry>
        <historyEntry timestamp="1718117389418">Warning: SDK processing. This version only understands SDK XML versions up to 3 but an SDK XML file of version 4 was encountered. This can happen if you use versions of Android Studio and the command-line tools that were released at different times.
SDK processing. This version only understands SDK XML versions up to 3 but an SDK XML file of version 4 was encountered. This can happen if you use versions of Android Studio and the command-line tools that were released at different times.</historyEntry>
        <historyEntry timestamp="1718117192519">maven { url 'https://jitpack.io' } -&gt;Unexpected tokens (use ';' to separate expressions on the same line)</historyEntry>
        <historyEntry timestamp="1718117176706">Unexpected tokens (use ';' to separate expressions on the same line)</historyEntry>
        <historyEntry timestamp="1718117048306">What does the error message &quot;Unexpected tokens (use ';' to separate expressions on the same line)&quot; mean?</historyEntry>
        <historyEntry timestamp="1718117027480">where add maven { url &quot;https://jitpack.io&quot; }</historyEntry>
        <historyEntry timestamp="1717961686966">not appear</historyEntry>
        <historyEntry timestamp="1717961565486">sorry , inee stroke around item</historyEntry>
        <historyEntry timestamp="1717961258738">use this code -&gt; &lt;?xml version=&quot;1.0&quot; encoding=&quot;utf-8&quot;?&gt;
&lt;androidx.cardview.widget.CardView xmlns:android=&quot;http://schemas.android.com/apk/res/android&quot;
    xmlns:app=&quot;http://schemas.android.com/apk/res-auto&quot;
    xmlns:tools=&quot;http://schemas.android.com/tools&quot;
    android:layout_width=&quot;match_parent&quot;
    android:layout_height=&quot;wrap_content&quot;
    android:layout_margin=&quot;@dimen/_4sdp&quot;
    app:cardCornerRadius=&quot;@dimen/_4sdp&quot;&gt;

    &lt;androidx.constraintlayout.widget.ConstraintLayout
        android:layout_width=&quot;match_parent&quot;
        android:layout_height=&quot;match_parent&quot;
        android:padding=&quot;@dimen/_4sdp&quot;&gt;

        &lt;androidx.appcompat.widget.AppCompatImageView
            android:id=&quot;@+id/img_course&quot;
            android:layout_width=&quot;@dimen/_100sdp&quot;
            android:layout_height=&quot;@dimen/_100sdp&quot;
            android:padding=&quot;@dimen/_4sdp&quot;
            android:src=&quot;@drawable/ic_logo&quot;
            app:layout_constraintStart_toStartOf=&quot;parent&quot;
            app:layout_constraintTop_toTopOf=&quot;parent&quot; /&gt;

        &lt;TextView
            android:id=&quot;@+id/txt_course_name&quot;
            style=&quot;@style/MediumTextViewStyle&quot;
            android:layout_margin=&quot;@dimen/_4sdp&quot;
            android:text=&quot;@string/course_name&quot;
            android:textColor=&quot;@color/black&quot;
            app:layout_constraintStart_toEndOf=&quot;@id/img_course&quot;
            app:layout_constraintTop_toTopOf=&quot;@id/img_course&quot; /&gt;

        &lt;TextView
            android:id=&quot;@+id/txt_course_description&quot;
            style=&quot;@style/DescribeMessageStyle&quot;
            android:layout_margin=&quot;@dimen/_4sdp&quot;
            android:text=&quot;@string/description&quot;
            android:textColor=&quot;@color/black&quot;
            app:layout_constraintStart_toEndOf=&quot;@+id/img_course&quot;
            app:layout_constraintTop_toBottomOf=&quot;@+id/txt_course_name&quot; /&gt;


    &lt;/androidx.constraintlayout.widget.ConstraintLayout&gt;
&lt;/androidx.cardview.widget.CardView&gt;  to make strike on item</historyEntry>
        <historyEntry timestamp="1717446134288">Explain: FATAL EXCEPTION: main
Process: com.example.screenrecorder, PID: 19939
java.io.IOException: prepare failed.
at android.media.MediaRecorder._prepare(Native Method)
at android.media.MediaRecorder.prepare(MediaRecorder.java:1320) with tag AndroidRuntime</historyEntry>
        <historyEntry timestamp="1717444412849">how to use binding in this -&gt;class MainActivity : AppCompatActivity() {
    private lateinit var binding: ActivityMainBinding
    override fun onCreate(savedInstanceState: Bundle?) {
        super.onCreate(savedInstanceState)
        enableEdgeToEdge()
        setContentView(R.layout.activity_main)
        ViewCompat.setOnApplyWindowInsetsListener(findViewById(R.id.main)) { v, insets -&gt;
            val systemBars = insets.getInsets(WindowInsetsCompat.Type.systemBars())
            v.setPadding(systemBars.left, systemBars.top, systemBars.right, systemBars.bottom)
            insets
        }
    }
}</historyEntry>
        <historyEntry timestamp="1717444063171">make with code</historyEntry>
        <historyEntry timestamp="1717444023495">How to make screen recorder in this app ?</historyEntry>
        <historyEntry timestamp="1717086166275">Explain: java.net.SocketException: Socket closed
at java.net.SocketInputStream.read(SocketInputStream.java:188)
at java.net.SocketInputStream.read(SocketInputStream.java:143)
at com.android.okhttp.okio.Okio$2.read(Okio.java:138)
at com.android.okhttp.okio.AsyncTimeout$2.read(AsyncTimeout.java:213) with tag ReactiveNetwork</historyEntry>
        <historyEntry timestamp="1717084681901">not work</historyEntry>
        <historyEntry timestamp="1717084244184">using this -&gt; package com.investoteam.investo.ui


import android.app.AlertDialog
import android.content.Context
import android.view.LayoutInflater
import android.view.View
import android.widget.CheckBox
import android.widget.RadioButton
import android.widget.RadioGroup
import androidx.core.content.ContentProviderCompat.requireContext
import com.investoteam.investo.R
import com.investoteam.investo.utils.Const
import com.investoteam.investo.utils.showToast

class LevelDialog(context: Context) : View(context) {

    fun show() {
        // Inflate the dialog layout
        val dialogView = LayoutInflater.from(context).inflate(R.layout.level_dialog, null)

        // Find the RadioGroup and checkboxes
        val radioGroup = dialogView.findViewById&lt;RadioGroup&gt;(R.id.level_radio_group)
        val beginnerCheckbox = dialogView.findViewById&lt;RadioButton&gt;(R.id.beginner_checkbox)
        val advancedCheckbox = dialogView.findViewById&lt;RadioButton&gt;(R.id.advanced_checkbox)

        // Build the dialog
        val dialog = AlertDialog.Builder(context)
            .setView(dialogView)
            .setTitle(&quot;Choose Level&quot;)
            .setPositiveButton(&quot;OK&quot;) { _, _ -&gt;
                // Handle the user's selection
                if (beginnerCheckbox.isChecked) {
                    Const.USER_TYPE = &quot;beginner&quot;
                } else if (advancedCheckbox.isChecked) {
                    Const.USER_TYPE = &quot;advanced&quot;
                }
            }
            .create()

        // Show the dialog
        dialog.show()


    }
} how to show user type in fragment that it related with this dialog</historyEntry>
        <historyEntry timestamp="1717031724822">import android.app.AlertDialog import android.content.Context import android.view.LayoutInflater
class LevelDialog(context:  Context) {
    fun show() {         // Inflate the dialog layout         val dialogView = LayoutInflater.from( context) . inflate( R. layout. level_ dialog,  null)
        // Build the dialog         val dialog = AlertDialog.Builder( context)              .setView(dialogView)              .setTitle(&quot;Choose Level&quot;)             .setPositiveButton(&quot; Beginner&quot; )  { _, _ -&gt;                 // Handle beginner selection             }             .setNegativeButton(&quot; Advanced&quot; )  { _, _ -&gt;                 // Handle advanced selection             }             .create()
        // Show the dialog         dialog.show()     } }   from this i need choose  the user is beginner or advanced and with one button click ok , this dialog has two ckeck box one bignner and ither is advanced</historyEntry>
        <historyEntry timestamp="1717031625534">import android.app.AlertDialog
import android.content.Context
import android.view.LayoutInflater

class LevelDialog(context: Context) {

    fun show() {
        // Inflate the dialog layout
        val dialogView = LayoutInflater.from(context).inflate(R.layout.level_dialog, null)

        // Build the dialog
        val dialog = AlertDialog.Builder(context)
            .setView(dialogView)
            .setTitle(&quot;Choose Level&quot;)
            .setPositiveButton(&quot;Beginner&quot;) { _, _ -&gt;
                // Handle beginner selection
            }
            .setNegativeButton(&quot;Advanced&quot;) { _, _ -&gt;
                // Handle advanced selection
            }
            .create()

        // Show the dialog
        dialog.show()
    }
}   from this i need choose  the user is beginner or advanced and click ok to show the items</historyEntry>
        <historyEntry timestamp="1717030673071">from this &lt;!-- level_dialog.xml --&gt;
&lt;LinearLayout xmlns:android=&quot;http://schemas.android.com/apk/res/android&quot;
    android:layout_width=&quot;match_parent&quot;
    android:layout_height=&quot;wrap_content&quot;
    android:orientation=&quot;vertical&quot;
    android:padding=&quot;16dp&quot;&gt;

    &lt;TextView
        android:layout_width=&quot;wrap_content&quot;
        android:layout_height=&quot;wrap_content&quot;
        android:text=&quot;Select your level:&quot; /&gt;

&lt;/LinearLayout&gt;  make check box of bignner and advanced level</historyEntry>
        <historyEntry timestamp="1717030572503">Overload resolution ambiguity. All these functions match.
public open fun setView(view: View!): AlertDialog.Builder! defined in android.app.AlertDialog.Builder
public open fun setView(layoutResId: Int): AlertDialog.Builder! defined in android.app.AlertDialog.Builder</historyEntry>
        <historyEntry timestamp="1717030513839">cant sovle Unresolved reference: context</historyEntry>
        <historyEntry timestamp="1717030063255">can you make custom dialog to choose level beginner and advanced</historyEntry>
        <historyEntry timestamp="1715800090940">in this &lt;?xml version=&quot;1.0&quot; encoding=&quot;utf-8&quot;?&gt;
&lt;shape xmlns:android=&quot;http://schemas.android.com/apk/res/android&quot;
    android:shape=&quot;rectangle&quot;&gt;
    &lt;solid android:color=&quot;@color/primary_color&quot; /&gt;
    &lt;l
&lt;/shape&gt;</historyEntry>
        <historyEntry timestamp="1715800069310">bottom radus in shape</historyEntry>
      </list>
    </option>
  </component>
</application>